file_name,column_name,count,mean,std,min,q25,median,q75,max
flows_15min.csv,flow_abs_total,148893,1152.2178623239508,369.87971238391845,0.0,900.6,1134.9,1401.7,2329.0
flows_15min.csv,flow_lt_lv,148893,-198.7221615522556,404.1059888414552,-1201.0,-470.7,-207.0,77.6,1174.0
flows_15min.csv,flow_lt_pl,148893,20.717715238459842,287.7882512366668,-492.1,-167.0,50.0,241.0,500.0
flows_15min.csv,flow_lt_se,148893,-517.048548622165,276.46262314164164,-1026.1,-700.0,-656.8,-428.9,700.0
flows_15min.csv,flow_total,148893,-695.0529949359608,374.62359505984614,-1921.9,-942.3,-736.5250000000001,-484.5,1177.65
flows_hourly.csv,flow_abs_total,37215,1152.3570522638722,369.76226392600626,0.0,900.7125000000001,1135.0,1401.8000000000002,2329.0
flows_hourly.csv,flow_lt_lv,37215,-198.75087867795244,404.13802755499785,-1201.0,-470.7125,-207.0,77.55,1174.0
flows_hourly.csv,flow_lt_pl,37215,20.71002284025258,287.8147226213982,-492.1,-167.0,50.0,241.0,500.0
flows_hourly.csv,flow_lt_se,37215,-517.0851068117695,276.47802860603775,-1026.1,-700.0,-656.9,-429.0,700.0
flows_hourly.csv,flow_total,37215,-695.1259626494693,374.6021942805422,-1921.9,-942.4,-736.675,-484.70000000000005,1177.65
litgrid_features_15min.csv,consumption_mw,148893,1382.9588949648405,281.4748842617242,626.6655000000001,1166.891,1359.17525,1566.644,2674.6345
litgrid_features_15min.csv,production_total_mw,148893,777.3568938684156,386.24524140645804,93.876,473.451,726.053,1024.385,2425.1565
litgrid_features_hourly.csv,consumption_mw,37218,1383.0021213189855,281.46616332942705,626.6655000000001,1167.1268125,1359.2035,1566.647,2674.6345
litgrid_features_hourly.csv,production_total_mw,37218,777.3795059044011,386.2530987995883,93.876,473.5358125,726.0545,1024.38875,2425.1565
master_15min.csv,price,17276,114.9646486455198,88.7766234853672,-2.2,59.27,99.95,148.98250000000002,1173.65
master_hourly.csv,price,37146,124.61380330318205,113.08753453789386,-56.55,57.42,99.52625,152.695,4000.0
master_raw.csv,price,50103,122.11846176875636,107.62721518294977,-56.55,57.64,99.55,150.65,4000.0
master_with_nordpool_15min.csv,ee_price,17276,104.89265049780043,89.36257593418985,-0.53,34.1875,93.19,144.7775,1051.32
master_with_nordpool_15min.csv,lv_price,17276,113.83282588562166,89.3903672780118,-2.2,57.03,99.32,148.5625,1173.65
master_with_nordpool_15min.csv,pl_price,17276,118.2361191826812,54.391057342664354,-73.78,97.4675,108.815,133.37,574.42
master_with_nordpool_15min.csv,price,17276,114.9646486455198,88.7766234853672,-2.2,59.27,99.95,148.98250000000002,1173.65
master_with_nordpool_15min.csv,se4_price,17276,81.21800127344292,52.0736741955552,-6.23,45.29,80.44,106.8825,519.08
master_with_nordpool_hourly.csv,ee_price,37146,113.48110819469122,101.83655567583604,-60.04,49.308125,95.73125,145.32500000000002,4000.0
master_with_nordpool_hourly.csv,lv_price,37146,123.78168584773597,111.72074607845313,-56.55,57.28,99.38499999999999,151.57500000000002,4000.0
master_with_nordpool_hourly.csv,pl_price,37146,119.83983998950089,62.79788357238989,-132.95,89.29,109.82875,141.325625,771.0
master_with_nordpool_hourly.csv,price,37146,124.61380330318205,113.08753453789386,-56.55,57.42,99.52625,152.695,4000.0
master_with_nordpool_hourly.csv,se4_price,37146,82.66664257255154,90.1638630765789,-60.04,22.9525,61.665,108.3,799.97
nordpool_15min.csv,ee_price,79888,99.42622458942519,90.55085417366634,-60.04,36.73,86.02,131.855,4000.0
nordpool_15min.csv,lv_price,71128,108.77350916657292,98.79619504594866,-56.55,45.01,92.07499999999999,139.7225,4000.0
nordpool_15min.csv,pl_price,71128,113.56859556011696,59.54626470875237,-210.48,89.14,107.27,133.96,771.0
nordpool_15min.csv,se4_price,79888,75.83605835669938,73.47148409581419,-60.04,28.01,62.59,101.08,799.97
nordpool_hourly.csv,ee_price,46270,107.92566646855414,96.73212615846694,-60.04,48.37,90.08,137.7975,4000.0
nordpool_hourly.csv,lv_price,37510,123.10908584377498,111.50046336274065,-56.55,56.32,99.0,150.84,4000.0
nordpool_hourly.csv,pl_price,37510,119.50099183551052,62.917088352505,-198.0525,89.16,109.7,141.051875,771.0
nordpool_hourly.csv,se4_price,46270,82.05368656797062,85.57828480621687,-60.04,26.69,62.08,105.67375,799.97
weather_lithuania_avg_hourly.csv,cloud_cover,37224,68.77684136194775,32.88218718374233,0.0,43.0,81.42857142857143,99.71428571428572,100.0
weather_lithuania_avg_hourly.csv,shortwave_radiation,37224,124.51674418961652,194.01690533463005,0.0,0.0,4.142857142857143,188.1428571428571,870.0
weather_lithuania_avg_hourly.csv,solar_proxy,37224,53.251291162822326,117.58942456889483,0.0,0.0,0.0,34.028367346938765,870.0
weather_lithuania_avg_hourly.csv,temperature_2m,37224,7.988266018851126,8.908102178174275,-27.142857142857142,1.2428571428571429,7.471428571428571,15.214285714285714,31.17142857142857
weather_lithuania_avg_hourly.csv,wind_speed_10m,37224,13.37448727395536,5.828633966539337,1.9714285714285715,8.785714285714286,12.542857142857144,17.04285714285714,41.285714285714285
weather_lithuania_points_hourly.csv,cloud_cover,260568,68.77684136194775,40.163394406408365,0.0,27.0,99.0,100.0,100.0
weather_lithuania_points_hourly.csv,latitude,260568,55.264671428571425,0.5526993758852738,54.3964,54.6872,55.4976,55.7348,55.9349
weather_lithuania_points_hourly.csv,longitude,260568,23.948485714285717,1.3596948026590325,21.1443,23.3137,24.0414,25.2797,25.5992
weather_lithuania_points_hourly.csv,shortwave_radiation,260568,124.51674418961653,198.8992860518925,0.0,0.0,4.0,179.0,886.0
weather_lithuania_points_hourly.csv,temperature_2m,260568,7.988266018851125,8.994704903700054,-30.3,1.2,7.4,15.2,34.0
weather_lithuania_points_hourly.csv,wind_speed_10m,260568,13.37448727395536,6.557735990782372,0.0,8.5,12.5,17.3,61.3
